{"version":"0.4","title":"LearnDash Single Course","type":"sfwd-courses","content":[{"id":"4d73f877","settings":[],"elements":[{"id":"1db5fc2d","settings":{"_column_size":100,"_inline_size":null},"elements":[{"id":"6ab78465","settings":{"__dynamic__":{"title":"[elementor-tag id=\"\" name=\"post-title\" settings=\"%7B%22before%22%3A%22%22%2C%22after%22%3A%22%22%2C%22fallback%22%3A%22%22%7D\"]"},"title":"Add Your Heading Text Here"},"elements":[],"isInner":false,"widgetType":"theme-post-title","elType":"widget"},{"id":"1817815c","settings":{"label":"Download Certificate","message":"You've earned a certificate!","preview_course_id":"65","preview_user_id":null,"text_color":"#DB1E1E","__dynamic__":[],"section_style_course_cert_border_color":"#EC1313","section_style_course_cert_border_width":{"unit":"px","size":4,"sizes":[]},"section_style_course_cert_background_color":"#CCE8F4","section_style_course_cert_border_radius":{"unit":"px","size":2,"sizes":[]},"_margin":{"unit":"px","top":"0","right":"0","bottom":"0","left":"0","isLinked":true},"_background_color":"#680B0B","_border_radius":{"unit":"px","top":"0","right":"0","bottom":"0","left":"0","isLinked":true},"control_course_cert_title_text_color_font_family":"Tahoma","control_course_cert_title_icon_background_color":"","control_course_cert_title_download_color":"#6EC1E4","control_course_cert_title_download_background_color":"#4054B2","control_course_cert_border_color":"","control_course_cert_title_text_font_size":{"unit":"px","size":43,"sizes":[]},"control_course_cert_border_width":{"unit":"px","size":4,"sizes":[]},"control_course_cert_download_color":"","control_course_cert_download_background_color":""},"elements":[],"isInner":false,"widgetType":"ld-course-certificate","elType":"widget"},{"id":"7dfad63e","settings":{"preview_user_id":null,"preview_course_id":"52","course_progress":"completed","course_status":"not-started","progress_bar_color":"#23A455","progress_bar_thickness":{"unit":"px","size":58,"sizes":[]},"progress_bar_height":{"unit":"px","size":11,"sizes":[]},"text_color_percent_complete_label":"#A44A4A","text_color_percent_complete_typography_font_family":"Arial","text_color_percent_complete_typography_font_size":{"unit":"px","size":23,"sizes":[]},"text_color_percent_complete_typography_font_weight":"100","text_color_percent_complete_typography_text_decoration":"underline","text_color_percent_complete_typography_letter_spacing":{"unit":"px","size":-1.7,"sizes":[]},"text_steps_typography_font_family":"Tahoma","text_steps_typography_font_size":{"unit":"px","size":24,"sizes":[]},"infobar_progress_bar_background_color":"#CB5E5E","infobar_progress_bar_foreground_color":"#61CE70","infobar_progress_indicator_foreground_color":"#A52626","infobar_progress_indicator_background_color":"#FB3E00","infobar_progress_indicator_primary_color":"","infobar_progress_bar_height":{"unit":"px","size":13,"sizes":[]},"infobar_border_color":"#23A455","infobar_border_width":{"unit":"px","size":2,"sizes":[]},"infobar_height":{"unit":"px","size":100,"sizes":[]},"infobar_border_radius":{"unit":"px","size":1,"sizes":[]},"infobar_height_not_enrolled":{"unit":"px","size":100,"sizes":[]},"infobar_height_enrolled":{"unit":"px","size":100,"sizes":[]},"infobar_text_steps_typography_font_size":{"unit":"px","size":47,"sizes":[]},"infobar_status_bubble_in_progess_typography_font_family":"Verdana","infobar_status_bubble_in_progess_typography_font_size":{"unit":"px","size":39,"sizes":[]},"infobar_status_bubble_completed_typography_font_family":"Arial","infobar_status_bubble_completed_typography_font_size":{"unit":"px","size":18,"sizes":[]},"infobar_text_steps_typography_font_family":"Arial","infobar_not_enrolled_height":{"unit":"px","size":146,"sizes":[]},"infobar_not_enrolled_current_status_bubble_text_color":"","infobar_not_enrolled_current_status_bubble_text_background_color":"","infobar_not_enrolled_current_status_bubble_typography_font_size":{"unit":"px","size":26,"sizes":[]},"infobar_not_enrolled_price_header_typography_font_size":{"unit":"px","size":20,"sizes":[]},"infobar_not_enrolled_current_status_header_typography_font_size":{"unit":"px","size":23,"sizes":[]},"infobar_not_enrolled_current_status_header_typography_font_style":"italic","infobar_not_enrolled_price_status_typography_font_size":{"unit":"px","size":63,"sizes":[]},"infobar_not_enrolled_get_started_header_typography_font_family":"Arial","infobar_not_enrolled_get_started_header_typography_font_size":{"unit":"px","size":39,"sizes":[]},"infobar_not_enrolled_get_started_status_typography_font_family":"Arial","infobar_not_enrolled_get_started_status_typography_font_size":{"unit":"px","size":33,"sizes":[]},"infobar_not_enrolled_border_radius":{"unit":"px","size":5,"sizes":[]},"infobar_enrolled_height":{"unit":"px","size":52,"sizes":[]},"infobar_enrolled_border_width":{"unit":"px","size":1,"sizes":[]},"infobar_enrolled_border_radius":{"unit":"px","size":1,"sizes":[]},"infobar_enrolled_progress_indicator_primary_color":"#2C4BDD","infobar_enrolled_progress_indicator_background_color":"#D15C5C","infobar_enrolled_progress_indicator_height":{"unit":"px","size":15,"sizes":[]},"infobar_text_percent_complete_typography_font_size":{"unit":"px","size":23,"sizes":[]},"infobar_status_bubble_completed_text_color":"#D84C4C","infobar_status_bubble_completed_background_color":"#553CD3","infobar_status_bubble_in_progess_text_color":"#FFFFFF","infobar_status_bubble_in_progess_background_color":"#BA1919","infobar_not_enrolled_background_color":"","control_infobar_backgrounds_not_enrolled_height":{"unit":"px","size":95,"sizes":[]},"control_infobar_backgrounds_enrolled_height":{"unit":"px","size":46,"sizes":[]},"infobar_text_percent_complete_typography_typography":"custom","control_infobar_not_enrolled_get_started_header_text_font_size":{"unit":"px","size":22,"sizes":[]},"control_infobar_enrolled_progress_indicator_primary_color":"","control_infobar_enrolled_progress_indicator_background_color":"","preview_step_id":"52","has_access":"","control_infobar_backgrounds_not_enrolled_color":"","control_infobar_not_enrolled_current_status_bubble_text_color":"","control_infobar_not_enrolled_current_status_bubble_text_background_color":""},"elements":[],"isInner":false,"widgetType":"ld-course-infobar","elType":"widget"},{"id":"69325def","settings":[],"elements":[],"isInner":false,"widgetType":"theme-post-content","elType":"widget"},{"id":"525b49b4","settings":{"control_course_header_text_font_size":{"unit":"px","size":29,"sizes":[]},"control_course_row_item_title_color":"#D11D1D","control_course_row_item_background_color":"#FFFFFF","control_course_row_item_border_color":"","control_course_row_item_border_radius":{"unit":"px","size":3,"sizes":[]},"preview_course_id":"52","control_course_header_expand_text_background_color":"#6EC1E4","control_course_header_expand_text_color":"#DD0F0F","preview_step_id":null,"control_course_row_item_expand_text_color":"#A43623","control_course_row_item_expand_text_background_color":"#6EC1E4","control_course_header_text_background_color":"","control_course_row_item_title_text_font_size":{"unit":"px","size":23,"sizes":[]},"control_course_header_text_color":"#D81313","control_course_content_header_expand_text_background_color":"","control_course_content_row_item_expand_text_background_color":"","control_course_content_row_item_lesson_progress_text_background_color":"","control_course_content_row_item_title_color":"","control_course_content_row_item_expand_text_color":"","control_course_content_row_item_lesson_progress_text_font_size":{"unit":"px","size":30,"sizes":[]},"control_course_content_row_item_background_color":"","control_course_content_header_expand_text_color":"","preview_user_id":null},"elements":[],"isInner":false,"widgetType":"ld-course-content","elType":"widget"}],"isInner":false,"elType":"column"}],"isInner":false,"elType":"section"}],"page_settings":{"step_material_select":"append"}}