{"version":"0.4","title":"LearnDash Single Quiz","type":"sfwd-quiz","content":[{"id":"27f74ad0","settings":[],"elements":[{"id":"5156c17d","settings":{"_column_size":100,"_inline_size":null},"elements":[{"id":"19335a58","settings":{"__dynamic__":{"title":"[elementor-tag id=\"\" name=\"post-title\" settings=\"%7B%22before%22%3A%22%22%2C%22after%22%3A%22%22%2C%22fallback%22%3A%22%22%7D\"]"},"title":"Add Your Heading Text Here"},"elements":[],"isInner":false,"widgetType":"theme-post-title","elType":"widget"}],"isInner":false,"elType":"column"}],"isInner":false,"elType":"section"},{"id":"559a058e","settings":[],"elements":[{"id":"7f36fed9","settings":{"_column_size":100,"_inline_size":null},"elements":[{"id":"21ad4005","settings":{"preview_user_id":null,"infobar_status_step_step_breadcrumbs_text_color":"","infobar_status_step_step_breadcrumbs_arrow_color":"","control_infobar_status_step_background_color":"","control_infobar_status_step_status_bubble_text_color":"","control_infobar_status_step_status_bubble_background_color":""},"elements":[],"isInner":false,"widgetType":"ld-course-infobar","elType":"widget"},{"id":"3be8ac19","settings":[],"elements":[],"isInner":false,"widgetType":"theme-post-content","elType":"widget"},{"id":"6b1150e","settings":[],"elements":[],"isInner":false,"widgetType":"ld-quiz","elType":"widget"}],"isInner":false,"elType":"column"}],"isInner":false,"elType":"section"}]}