{"version":"0.4","title":"LearnDash Single Topic","type":"sfwd-topic","content":[{"id":"119b4b6d","settings":[],"elements":[{"id":"b7e9325","settings":{"_column_size":100,"_inline_size":null},"elements":[{"id":"6f4a65c1","settings":{"__dynamic__":{"title":"[elementor-tag id=\"\" name=\"post-title\" settings=\"%7B%22before%22%3A%22%22%2C%22after%22%3A%22%22%2C%22fallback%22%3A%22%22%7D\"]"},"title":"Add Your Heading Text Here"},"elements":[],"isInner":false,"widgetType":"theme-post-title","elType":"widget"}],"isInner":false,"elType":"column"}],"isInner":false,"elType":"section"},{"id":"25b6862f","settings":[],"elements":[{"id":"674c7675","settings":{"_column_size":100,"_inline_size":null},"elements":[{"id":"15035bfe","settings":{"infobar_status_bubble_completed_text_color":"#736565","infobar_status_step_background_color":"","infobar_status_step_step_breadcrumbs_text_color":"","infobar_status_step_status_bubble_text_color":"","infobar_status_step_status_bubble_background_color":"","infobar_status_step_border_color":"#EF6363","infobar_status_step_border_width":{"unit":"px","size":2,"sizes":[]},"infobar_status_step_border_radius":{"unit":"px","size":10,"sizes":[]},"preview_course_id":"52","preview_step_id":null,"infobar_status_step_step_breadcrumbs_arrow_color":"","infobar_style_section_lesson_progress_text_font_size":{"unit":"px","size":9,"sizes":[]},"infobar_style_section_lesson_progress_text_color":"#4054B2","infobar_lesson_progress_percent_header_text_font_size":{"unit":"px","size":2,"sizes":[]},"control_infobar_lesson_progress_indicator_header_primary_color":"","control_infobar_lesson_progress_indicator_header_background_color":"","control_infobar_lesson_progress_indicator_header_background_height":{"unit":"px","size":13,"sizes":[]},"preview_user_id":null,"control_infobar_status_step_background_color":"","control_infobar_status_step_status_bubble_text_color":"","control_infobar_status_step_status_bubble_background_color":""},"elements":[],"isInner":false,"widgetType":"ld-course-infobar","elType":"widget"},{"id":"398a0f96","settings":[],"elements":[],"isInner":false,"widgetType":"theme-post-content","elType":"widget"},{"id":"7748e4d6","settings":{"preview_step_id":"351","control_course_header_text_background_color":"#CED2E6","control_course_row_item_title_color":"","control_course_row_item_background_color":"","control_course_header_text_font_family":"Arial","control_course_header_text_font_size":{"unit":"px","size":39,"sizes":[]},"control_course_row_item_title_text_font_size":{"unit":"px","size":21,"sizes":[]},"control_course_header_text_color":"#E12B2B","section_style_course_content_footer_links_text_font_size":{"unit":"px","size":21,"sizes":[]},"section_style_course_content_footer_links_color":"","section_style_course_content_footer_navigation_text_font_size":{"unit":"px","size":11,"sizes":[]},"section_style_course_content_footer_navigation_text_color":"#61CE70","control_course_content_footer_navigation_text_color":"","control_course_content_footer_navigation_background_color":"","control_course_content_footer_mark_complete_text_color":"","control_course_content_footer_mark_complete_text_background_color":""},"elements":[],"isInner":false,"widgetType":"ld-course-content","elType":"widget"}],"isInner":false,"elType":"column"}],"isInner":false,"elType":"section"}]}